,Book_Name,Rating out of 5,Link,Price,Quantity,Cover_Imagelink,Book_Link
0,A Light in the Attic,Three,a-light-in-the-attic_1000/index.html,Â£51.77,In stock,../media/cache/2c/da/2cdad67c44b002e7ead0cc35693c0e8b.jpg,a-light-in-the-attic_1000/index.html
1,Tipping the Velvet,One,tipping-the-velvet_999/index.html,Â£53.74,In stock,../media/cache/26/0c/260c6ae16bce31c8f8c95daddd9f4a1c.jpg,tipping-the-velvet_999/index.html
2,Soumission,One,soumission_998/index.html,Â£50.10,In stock,../media/cache/3e/ef/3eef99c9d9adef34639f510662022830.jpg,soumission_998/index.html
3,Sharp Objects,Four,sharp-objects_997/index.html,Â£47.82,In stock,../media/cache/32/51/3251cf3a3412f53f339e42cac2134093.jpg,sharp-objects_997/index.html
4,Sapiens: A Brief History of Humankind,Five,sapiens-a-brief-history-of-humankind_996/index.html,Â£54.23,In stock,../media/cache/be/a5/bea5697f2534a2f86a3ef27b5a8c12a6.jpg,sapiens-a-brief-history-of-humankind_996/index.html
5,The Requiem Red,One,the-requiem-red_995/index.html,Â£22.65,In stock,../media/cache/68/33/68339b4c9bc034267e1da611ab3b34f8.jpg,the-requiem-red_995/index.html
6,The Dirty Little Secrets of Getting Your Dream Job,Four,the-dirty-little-secrets-of-getting-your-dream-job_994/index.html,Â£33.34,In stock,../media/cache/92/27/92274a95b7c251fea59a2b8a78275ab4.jpg,the-dirty-little-secrets-of-getting-your-dream-job_994/index.html
7,"The Coming Woman: A Novel Based on the Life of the Infamous Feminist, Victoria Woodhull",Three,the-coming-woman-a-novel-based-on-the-life-of-the-infamous-feminist-victoria-woodhull_993/index.html,Â£17.93,In stock,../media/cache/3d/54/3d54940e57e662c4dd1f3ff00c78cc64.jpg,the-coming-woman-a-novel-based-on-the-life-of-the-infamous-feminist-victoria-woodhull_993/index.html
8,The Boys in the Boat: Nine Americans and Their Epic Quest for Gold at the 1936 Berlin Olympics,Four,the-boys-in-the-boat-nine-americans-and-their-epic-quest-for-gold-at-the-1936-berlin-olympics_992/index.html,Â£22.60,In stock,../media/cache/66/88/66883b91f6804b2323c8369331cb7dd1.jpg,the-boys-in-the-boat-nine-americans-and-their-epic-quest-for-gold-at-the-1936-berlin-olympics_992/index.html
9,The Black Maria,One,the-black-maria_991/index.html,Â£52.15,In stock,../media/cache/58/46/5846057e28022268153beff6d352b06c.jpg,the-black-maria_991/index.html
10,"Starving Hearts (Triangular Trade Trilogy, #1)",Two,starving-hearts-triangular-trade-trilogy-1_990/index.html,Â£13.99,In stock,../media/cache/be/f4/bef44da28c98f905a3ebec0b87be8530.jpg,starving-hearts-triangular-trade-trilogy-1_990/index.html
11,Shakespeare's Sonnets,Four,shakespeares-sonnets_989/index.html,Â£20.66,In stock,../media/cache/10/48/1048f63d3b5061cd2f424d20b3f9b666.jpg,shakespeares-sonnets_989/index.html
12,Set Me Free,Five,set-me-free_988/index.html,Â£17.46,In stock,../media/cache/5b/88/5b88c52633f53cacf162c15f4f823153.jpg,set-me-free_988/index.html
13,Scott Pilgrim's Precious Little Life (Scott Pilgrim #1),Five,scott-pilgrims-precious-little-life-scott-pilgrim-1_987/index.html,Â£52.29,In stock,../media/cache/94/b1/94b1b8b244bce9677c2f29ccc890d4d2.jpg,scott-pilgrims-precious-little-life-scott-pilgrim-1_987/index.html
14,Rip it Up and Start Again,Five,rip-it-up-and-start-again_986/index.html,Â£35.02,In stock,../media/cache/81/c4/81c4a973364e17d01f217e1188253d5e.jpg,rip-it-up-and-start-again_986/index.html
15,"Our Band Could Be Your Life: Scenes from the American Indie Underground, 1981-1991",Three,our-band-could-be-your-life-scenes-from-the-american-indie-underground-1981-1991_985/index.html,Â£57.25,In stock,../media/cache/54/60/54607fe8945897cdcced0044103b10b6.jpg,our-band-could-be-your-life-scenes-from-the-american-indie-underground-1981-1991_985/index.html
16,Olio,One,olio_984/index.html,Â£23.88,In stock,../media/cache/55/33/553310a7162dfbc2c6d19a84da0df9e1.jpg,olio_984/index.html
17,Mesaerion: The Best Science Fiction Stories 1800-1849,One,mesaerion-the-best-science-fiction-stories-1800-1849_983/index.html,Â£37.59,In stock,../media/cache/09/a3/09a3aef48557576e1a85ba7efea8ecb7.jpg,mesaerion-the-best-science-fiction-stories-1800-1849_983/index.html
18,Libertarianism for Beginners,Two,libertarianism-for-beginners_982/index.html,Â£51.33,In stock,../media/cache/0b/bc/0bbcd0a6f4bcd81ccb1049a52736406e.jpg,libertarianism-for-beginners_982/index.html
19,It's Only the Himalayas,Two,its-only-the-himalayas_981/index.html,Â£45.17,In stock,../media/cache/27/a5/27a53d0bb95bdd88288eaf66c9230d7e.jpg,its-only-the-himalayas_981/index.html
20,In Her Wake,One,in-her-wake_980/index.html,Â£12.84,In stock,../media/cache/5d/72/5d72709c6a7a9584a4d1cf07648bfce1.jpg,in-her-wake_980/index.html
21,How Music Works,Two,how-music-works_979/index.html,Â£37.32,In stock,../media/cache/5c/c8/5cc8e107246cb478960d4f0aba1e1c8e.jpg,how-music-works_979/index.html
22,"Foolproof Preserving: A Guide to Small Batch Jams, Jellies, Pickles, Condiments, and More: A Foolproof Guide to Making Small Batch Jams, Jellies, Pickles, Condiments, and More",Three,foolproof-preserving-a-guide-to-small-batch-jams-jellies-pickles-condiments-and-more-a-foolproof-guide-to-making-small-batch-jams-jellies-pickles-condiments-and-more_978/index.html,Â£30.52,In stock,../media/cache/9f/59/9f59f01fa916a7bb8f0b28a4012179a4.jpg,foolproof-preserving-a-guide-to-small-batch-jams-jellies-pickles-condiments-and-more-a-foolproof-guide-to-making-small-batch-jams-jellies-pickles-condiments-and-more_978/index.html
23,Chase Me (Paris Nights #2),Five,chase-me-paris-nights-2_977/index.html,Â£25.27,In stock,../media/cache/9c/2e/9c2e0eb8866b8e3f3b768994fd3d1c1a.jpg,chase-me-paris-nights-2_977/index.html
24,Black Dust,Five,black-dust_976/index.html,Â£34.53,In stock,../media/cache/44/cc/44ccc99c8f82c33d4f9d2afa4ef25787.jpg,black-dust_976/index.html
25,Birdsong: A Story in Pictures,Three,birdsong-a-story-in-pictures_975/index.html,Â£54.64,In stock,../media/cache/af/6e/af6e796160fe63e0cf19d44395c7ddf2.jpg,birdsong-a-story-in-pictures_975/index.html
26,America's Cradle of Quarterbacks: Western Pennsylvania's Football Factory from Johnny Unitas to Joe Montana,Three,americas-cradle-of-quarterbacks-western-pennsylvanias-football-factory-from-johnny-unitas-to-joe-montana_974/index.html,Â£22.50,In stock,../media/cache/ef/0b/ef0bed08de4e083dba5e20fdb98d9c36.jpg,americas-cradle-of-quarterbacks-western-pennsylvanias-football-factory-from-johnny-unitas-to-joe-montana_974/index.html
27,Aladdin and His Wonderful Lamp,Three,aladdin-and-his-wonderful-lamp_973/index.html,Â£53.13,In stock,../media/cache/d6/da/d6da0371958068bbaf39ea9c174275cd.jpg,aladdin-and-his-wonderful-lamp_973/index.html
28,Worlds Elsewhere: Journeys Around Shakespeareâs Globe,Five,worlds-elsewhere-journeys-around-shakespeares-globe_972/index.html,Â£40.30,In stock,../media/cache/2e/98/2e98c332bf8563b584784971541c4445.jpg,worlds-elsewhere-journeys-around-shakespeares-globe_972/index.html
29,Wall and Piece,Four,wall-and-piece_971/index.html,Â£44.18,In stock,../media/cache/a5/41/a5416b9646aaa7287baa287ec2590270.jpg,wall-and-piece_971/index.html
30,The Four Agreements: A Practical Guide to Personal Freedom,Five,the-four-agreements-a-practical-guide-to-personal-freedom_970/index.html,Â£17.66,In stock,../media/cache/0f/7e/0f7ee69495c0df1d35723f012624a9f8.jpg,the-four-agreements-a-practical-guide-to-personal-freedom_970/index.html
31,The Five Love Languages: How to Express Heartfelt Commitment to Your Mate,Three,the-five-love-languages-how-to-express-heartfelt-commitment-to-your-mate_969/index.html,Â£31.05,In stock,../media/cache/38/c5/38c56fba316c07305643a8065269594e.jpg,the-five-love-languages-how-to-express-heartfelt-commitment-to-your-mate_969/index.html
32,The Elephant Tree,Five,the-elephant-tree_968/index.html,Â£23.82,In stock,../media/cache/5d/7e/5d7ecde8e81513eba8a64c9fe000744b.jpg,the-elephant-tree_968/index.html
33,The Bear and the Piano,One,the-bear-and-the-piano_967/index.html,Â£36.89,In stock,../media/cache/cf/bb/cfbb5e62715c6d888fd07794c9bab5d6.jpg,the-bear-and-the-piano_967/index.html
34,Sophie's World,Five,sophies-world_966/index.html,Â£15.94,In stock,../media/cache/65/71/6571919836ec51ed54f0050c31d8a0cd.jpg,sophies-world_966/index.html
35,Penny Maybe,Three,penny-maybe_965/index.html,Â£33.29,In stock,../media/cache/12/53/1253c21c5ef3c6d075c5fa3f5fecee6a.jpg,penny-maybe_965/index.html
36,Maude (1883-1993):She Grew Up with the country,Two,maude-1883-1993she-grew-up-with-the-country_964/index.html,Â£18.02,In stock,../media/cache/f5/88/f5889d038f5d8e949b494d147c2dcf54.jpg,maude-1883-1993she-grew-up-with-the-country_964/index.html
37,"In a Dark, Dark Wood",One,in-a-dark-dark-wood_963/index.html,Â£19.63,In stock,../media/cache/23/85/238570a1c284e730dbc737a7e631ae2b.jpg,in-a-dark-dark-wood_963/index.html
38,Behind Closed Doors,Four,behind-closed-doors_962/index.html,Â£52.22,In stock,../media/cache/e1/5c/e15c289ba58cea38519e1281e859f0c1.jpg,behind-closed-doors_962/index.html
39,You can't bury them all: Poems,Two,you-cant-bury-them-all-poems_961/index.html,Â£33.63,In stock,../media/cache/e9/20/e9203b733126c4a0832a1c7885dc27cf.jpg,you-cant-bury-them-all-poems_961/index.html
40,Slow States of Collapse: Poems,Three,slow-states-of-collapse-poems_960/index.html,Â£57.31,In stock,../media/cache/72/41/72417db983862010ef0c1a25de98c7d7.jpg,slow-states-of-collapse-poems_960/index.html
41,Reasons to Stay Alive,Two,reasons-to-stay-alive_959/index.html,Â£26.41,In stock,../media/cache/cb/bd/cbbdb0222ee8a0f6ab61657412a15794.jpg,reasons-to-stay-alive_959/index.html
42,Private Paris (Private #10),Five,private-paris-private-10_958/index.html,Â£47.61,In stock,../media/cache/9d/05/9d0533bae1578846d728a82913b95c26.jpg,private-paris-private-10_958/index.html
43,#HigherSelfie: Wake Up Your Life. Free Your Soul. Find Your Tribe.,Five,higherselfie-wake-up-your-life-free-your-soul-find-your-tribe_957/index.html,Â£23.11,In stock,../media/cache/9c/46/9c463c7631c82401160fd3b554b8f0e1.jpg,higherselfie-wake-up-your-life-free-your-soul-find-your-tribe_957/index.html
44,Without Borders (Wanderlove #1),Two,without-borders-wanderlove-1_956/index.html,Â£45.07,In stock,../media/cache/24/e2/24e2f5c9d325c4004d8190c054da86dd.jpg,without-borders-wanderlove-1_956/index.html
45,When We Collided,One,when-we-collided_955/index.html,Â£31.77,In stock,../media/cache/08/04/08044269fc197645268a6197c57e6173.jpg,when-we-collided_955/index.html
46,"We Love You, Charlie Freeman",Five,we-love-you-charlie-freeman_954/index.html,Â£50.27,In stock,../media/cache/5f/15/5f152afdbc42356ecba02f61058a7e5b.jpg,we-love-you-charlie-freeman_954/index.html
47,Untitled Collection: Sabbath Poems 2014,Four,untitled-collection-sabbath-poems-2014_953/index.html,Â£14.27,In stock,../media/cache/f9/3b/f93b4a650f03a5d21f2436d7813f42c2.jpg,untitled-collection-sabbath-poems-2014_953/index.html
48,"Unseen City: The Majesty of Pigeons, the Discreet Charm of Snails & Other Wonders of the Urban Wilderness",Four,unseen-city-the-majesty-of-pigeons-the-discreet-charm-of-snails-other-wonders-of-the-urban-wilderness_952/index.html,Â£44.18,In stock,../media/cache/41/a2/41a20f35adf0caea24f208dc01ad7681.jpg,unseen-city-the-majesty-of-pigeons-the-discreet-charm-of-snails-other-wonders-of-the-urban-wilderness_952/index.html
49,Unicorn Tracks,Three,unicorn-tracks_951/index.html,Â£18.78,In stock,../media/cache/76/8e/768ea5924ac1ef6297c2be9959c796c2.jpg,unicorn-tracks_951/index.html
50,"Unbound: How Eight Technologies Made Us Human, Transformed Society, and Brought Our World to the Brink",One,unbound-how-eight-technologies-made-us-human-transformed-society-and-brought-our-world-to-the-brink_950/index.html,Â£25.52,In stock,../media/cache/4a/3b/4a3b055f9e378a95fedbef55e7bab7ce.jpg,unbound-how-eight-technologies-made-us-human-transformed-society-and-brought-our-world-to-the-brink_950/index.html
51,Tsubasa: WoRLD CHRoNiCLE 2 (Tsubasa WoRLD CHRoNiCLE #2),One,tsubasa-world-chronicle-2-tsubasa-world-chronicle-2_949/index.html,Â£16.28,In stock,../media/cache/36/df/36df4caaf1420b1183a8235355d39e69.jpg,tsubasa-world-chronicle-2-tsubasa-world-chronicle-2_949/index.html
52,Throwing Rocks at the Google Bus: How Growth Became the Enemy of Prosperity,Three,throwing-rocks-at-the-google-bus-how-growth-became-the-enemy-of-prosperity_948/index.html,Â£31.12,In stock,../media/cache/03/86/038650c9e7517b4baf2a423cd8eed38f.jpg,throwing-rocks-at-the-google-bus-how-growth-became-the-enemy-of-prosperity_948/index.html
53,This One Summer,Four,this-one-summer_947/index.html,Â£19.49,In stock,../media/cache/c4/dd/c4ddd9ced89966b0602ec85e00cd5b61.jpg,this-one-summer_947/index.html
54,Thirst,Five,thirst_946/index.html,Â£17.27,In stock,../media/cache/c4/0a/c40a64f59e7487b1a80a049f6ceb2ba5.jpg,thirst_946/index.html
55,The Torch Is Passed: A Harding Family Story,One,the-torch-is-passed-a-harding-family-story_945/index.html,Â£19.09,In stock,../media/cache/33/e5/33e507172541628acfd421503196b578.jpg,the-torch-is-passed-a-harding-family-story_945/index.html
56,The Secret of Dreadwillow Carse,One,the-secret-of-dreadwillow-carse_944/index.html,Â£56.13,In stock,../media/cache/c4/a2/c4a2a1a026c67bcceb5a411c724d7d0c.jpg,the-secret-of-dreadwillow-carse_944/index.html
57,"The Pioneer Woman Cooks: Dinnertime: Comfort Classics, Freezer Food, 16-Minute Meals, and Other Delicious Ways to Solve Supper!",One,the-pioneer-woman-cooks-dinnertime-comfort-classics-freezer-food-16-minute-meals-and-other-delicious-ways-to-solve-supper_943/index.html,Â£56.41,In stock,../media/cache/b7/f4/b7f4843dbe062d44be1ffcfa16b2faa4.jpg,the-pioneer-woman-cooks-dinnertime-comfort-classics-freezer-food-16-minute-meals-and-other-delicious-ways-to-solve-supper_943/index.html
58,The Past Never Ends,Four,the-past-never-ends_942/index.html,Â£56.50,In stock,../media/cache/89/b8/89b850edb01851a91f64ba114b96acb6.jpg,the-past-never-ends_942/index.html
59,The Natural History of Us (The Fine Art of Pretending #2),Three,the-natural-history-of-us-the-fine-art-of-pretending-2_941/index.html,Â£45.22,In stock,../media/cache/5d/7f/5d7f496cdf5e5962a73ecdcc1505c1d5.jpg,the-natural-history-of-us-the-fine-art-of-pretending-2_941/index.html
60,The Nameless City (The Nameless City #1),Four,the-nameless-city-the-nameless-city-1_940/index.html,Â£38.16,In stock,../media/cache/f4/79/f479de5f305c2ac0512702cf7155bb74.jpg,the-nameless-city-the-nameless-city-1_940/index.html
61,The Murder That Never Was (Forensic Instincts #5),Three,the-murder-that-never-was-forensic-instincts-5_939/index.html,Â£54.11,In stock,../media/cache/dc/44/dc44f8e2aebac48ca8553814d9b021a8.jpg,the-murder-that-never-was-forensic-instincts-5_939/index.html
62,The Most Perfect Thing: Inside (and Outside) a Bird's Egg,Four,the-most-perfect-thing-inside-and-outside-a-birds-egg_938/index.html,Â£42.96,In stock,../media/cache/d4/8d/d48d5122a15347e9fe2b15ad354d69bf.jpg,the-most-perfect-thing-inside-and-outside-a-birds-egg_938/index.html
63,"The Mindfulness and Acceptance Workbook for Anxiety: A Guide to Breaking Free from Anxiety, Phobias, and Worry Using Acceptance and Commitment Therapy",Four,the-mindfulness-and-acceptance-workbook-for-anxiety-a-guide-to-breaking-free-from-anxiety-phobias-and-worry-using-acceptance-and-commitment-therapy_937/index.html,Â£23.89,In stock,../media/cache/f8/6d/f86d08178e3788563ac17be5aefd29f0.jpg,the-mindfulness-and-acceptance-workbook-for-anxiety-a-guide-to-breaking-free-from-anxiety-phobias-and-worry-using-acceptance-and-commitment-therapy_937/index.html
64,The Life-Changing Magic of Tidying Up: The Japanese Art of Decluttering and Organizing,Three,the-life-changing-magic-of-tidying-up-the-japanese-art-of-decluttering-and-organizing_936/index.html,Â£16.77,In stock,../media/cache/95/64/95647d6a526bf54120b9445e124794e1.jpg,the-life-changing-magic-of-tidying-up-the-japanese-art-of-decluttering-and-organizing_936/index.html
65,"The Inefficiency Assassin: Time Management Tactics for Working Smarter, Not Longer",Five,the-inefficiency-assassin-time-management-tactics-for-working-smarter-not-longer_935/index.html,Â£20.59,In stock,../media/cache/75/dc/75dce2f5949b407161f37f0af249b018.jpg,the-inefficiency-assassin-time-management-tactics-for-working-smarter-not-longer_935/index.html
66,The Gutsy Girl: Escapades for Your Life of Epic Adventure,One,the-gutsy-girl-escapades-for-your-life-of-epic-adventure_934/index.html,Â£37.13,In stock,../media/cache/64/15/641570cd7e7aded53c7d33d78a9629f1.jpg,the-gutsy-girl-escapades-for-your-life-of-epic-adventure_934/index.html
67,The Electric Pencil: Drawings from Inside State Hospital No. 3,One,the-electric-pencil-drawings-from-inside-state-hospital-no-3_933/index.html,Â£56.06,In stock,../media/cache/2e/23/2e236e23ad52aa74505f224f6552eda8.jpg,the-electric-pencil-drawings-from-inside-state-hospital-no-3_933/index.html
68,The Death of Humanity: and the Case for Life,Four,the-death-of-humanity-and-the-case-for-life_932/index.html,Â£58.11,In stock,../media/cache/71/df/71df730cf38c232ee58a2e407135f055.jpg,the-death-of-humanity-and-the-case-for-life_932/index.html
69,"The Bulletproof Diet: Lose up to a Pound a Day, Reclaim Energy and Focus, Upgrade Your Life",Three,the-bulletproof-diet-lose-up-to-a-pound-a-day-reclaim-energy-and-focus-upgrade-your-life_931/index.html,Â£49.05,In stock,../media/cache/ee/3e/ee3e219d23e73ba71c79b700f183aaed.jpg,the-bulletproof-diet-lose-up-to-a-pound-a-day-reclaim-energy-and-focus-upgrade-your-life_931/index.html
70,The Art Forger,Three,the-art-forger_930/index.html,Â£40.76,In stock,../media/cache/70/fa/70fa6c0437d9c97dbeada6bd32bf9d2c.jpg,the-art-forger_930/index.html
71,The Age of Genius: The Seventeenth Century and the Birth of the Modern Mind,One,the-age-of-genius-the-seventeenth-century-and-the-birth-of-the-modern-mind_929/index.html,Â£19.73,In stock,../media/cache/2d/4e/2d4e358712e6c9f1d3bdd78d1a16e5a8.jpg,the-age-of-genius-the-seventeenth-century-and-the-birth-of-the-modern-mind_929/index.html
72,The Activist's Tao Te Ching: Ancient Advice for a Modern Revolution,Five,the-activists-tao-te-ching-ancient-advice-for-a-modern-revolution_928/index.html,Â£32.24,In stock,../media/cache/96/db/96db61bb53930c560fb4c1c62b583816.jpg,the-activists-tao-te-ching-ancient-advice-for-a-modern-revolution_928/index.html
73,Spark Joy: An Illustrated Master Class on the Art of Organizing and Tidying Up,Four,spark-joy-an-illustrated-master-class-on-the-art-of-organizing-and-tidying-up_927/index.html,Â£41.83,In stock,../media/cache/f3/4f/f34ffb24cc21c9f9f52dad4fd8f3ac21.jpg,spark-joy-an-illustrated-master-class-on-the-art-of-organizing-and-tidying-up_927/index.html
74,Soul Reader,Two,soul-reader_926/index.html,Â£39.58,In stock,../media/cache/69/85/69852567cf97264a1442cbc882c84903.jpg,soul-reader_926/index.html
75,Security,Two,security_925/index.html,Â£39.25,In stock,../media/cache/da/df/dadfac66a89774b46b10225362724c83.jpg,security_925/index.html
76,"Saga, Volume 6 (Saga (Collected Editions) #6)",Three,saga-volume-6-saga-collected-editions-6_924/index.html,Â£25.02,In stock,../media/cache/43/ae/43aee83ebb31e2122a7215e413770e5c.jpg,saga-volume-6-saga-collected-editions-6_924/index.html
77,"Saga, Volume 5 (Saga (Collected Editions) #5)",Two,saga-volume-5-saga-collected-editions-5_923/index.html,Â£51.04,In stock,../media/cache/e1/ea/e1ea6cb36e62ae6dc7b805f68ab9a700.jpg,saga-volume-5-saga-collected-editions-5_923/index.html
78,Reskilling America: Learning to Labor in the Twenty-First Century,Two,reskilling-america-learning-to-labor-in-the-twenty-first-century_922/index.html,Â£19.83,In stock,../media/cache/97/f8/97f8debeeaaece9603267653076e760f.jpg,reskilling-america-learning-to-labor-in-the-twenty-first-century_922/index.html
79,"Rat Queens, Vol. 3: Demons (Rat Queens (Collected Editions) #11-15)",Three,rat-queens-vol-3-demons-rat-queens-collected-editions-11-15_921/index.html,Â£50.40,In stock,../media/cache/f3/ef/f3efd43ae0fa85d9b325d5e8783e7af5.jpg,rat-queens-vol-3-demons-rat-queens-collected-editions-11-15_921/index.html
80,"Princess Jellyfish 2-in-1 Omnibus, Vol. 01 (Princess Jellyfish 2-in-1 Omnibus #1)",Five,princess-jellyfish-2-in-1-omnibus-vol-01-princess-jellyfish-2-in-1-omnibus-1_920/index.html,Â£13.61,In stock,../media/cache/78/0b/780b2c28122750c2c383846155815bf7.jpg,princess-jellyfish-2-in-1-omnibus-vol-01-princess-jellyfish-2-in-1-omnibus-1_920/index.html
81,Princess Between Worlds (Wide-Awake Princess #5),Five,princess-between-worlds-wide-awake-princess-5_919/index.html,Â£13.34,In stock,../media/cache/b7/e8/b7e84b78be3d9bb79b71156a5e5d4e42.jpg,princess-between-worlds-wide-awake-princess-5_919/index.html
82,"Pop Gun War, Volume 1: Gift",One,pop-gun-war-volume-1-gift_918/index.html,Â£18.97,In stock,../media/cache/c8/2f/c82f629a31b3f47bdb17ac14aa51076d.jpg,pop-gun-war-volume-1-gift_918/index.html
83,"Political Suicide: Missteps, Peccadilloes, Bad Calls, Backroom Hijinx, Sordid Pasts, Rotten Breaks, and Just Plain Dumb Mistakes in the Annals of American Politics",Two,political-suicide-missteps-peccadilloes-bad-calls-backroom-hijinx-sordid-pasts-rotten-breaks-and-just-plain-dumb-mistakes-in-the-annals-of-american-politics_917/index.html,Â£36.28,In stock,../media/cache/64/44/6444dacdcb9edaadbbd691524622aeb8.jpg,political-suicide-missteps-peccadilloes-bad-calls-backroom-hijinx-sordid-pasts-rotten-breaks-and-just-plain-dumb-mistakes-in-the-annals-of-american-politics_917/index.html
84,Patience,Three,patience_916/index.html,Â£10.16,In stock,../media/cache/01/72/01726c619a05114dca75bd840095016d.jpg,patience_916/index.html
85,"Outcast, Vol. 1: A Darkness Surrounds Him (Outcast #1)",Four,outcast-vol-1-a-darkness-surrounds-him-outcast-1_915/index.html,Â£15.44,In stock,../media/cache/cb/00/cb004189f548d75ad430d3ed19e6daa9.jpg,outcast-vol-1-a-darkness-surrounds-him-outcast-1_915/index.html
86,orange: The Complete Collection 1 (orange: The Complete Collection #1),One,orange-the-complete-collection-1-orange-the-complete-collection-1_914/index.html,Â£48.41,In stock,../media/cache/03/88/03886a8502ca54dbce0d91c2568ab69d.jpg,orange-the-complete-collection-1-orange-the-complete-collection-1_914/index.html
87,Online Marketing for Busy Authors: A Step-By-Step Guide,One,online-marketing-for-busy-authors-a-step-by-step-guide_913/index.html,Â£46.35,In stock,../media/cache/ea/9b/ea9b2cb8abbb317402e618445bade1e1.jpg,online-marketing-for-busy-authors-a-step-by-step-guide_913/index.html
88,On a Midnight Clear,Three,on-a-midnight-clear_912/index.html,Â£14.07,In stock,../media/cache/a1/14/a114d70e7babf110ba42a389078e9a45.jpg,on-a-midnight-clear_912/index.html
89,Obsidian (Lux #1),Two,obsidian-lux-1_911/index.html,Â£14.86,In stock,../media/cache/fc/72/fc72f158554b4b4164701e1dfa1153c7.jpg,obsidian-lux-1_911/index.html
90,My Paris Kitchen: Recipes and Stories,Two,my-paris-kitchen-recipes-and-stories_910/index.html,Â£33.37,In stock,../media/cache/f5/65/f565af3d9dd20a1ad72a1e7c4157387d.jpg,my-paris-kitchen-recipes-and-stories_910/index.html
91,Masks and Shadows,Two,masks-and-shadows_909/index.html,Â£56.40,In stock,../media/cache/ff/e8/ffe81bf98f8386ef29e193abfb6f9c1e.jpg,masks-and-shadows_909/index.html
92,"Mama Tried: Traditional Italian Cooking for the Screwed, Crude, Vegan, and Tattooed",Four,mama-tried-traditional-italian-cooking-for-the-screwed-crude-vegan-and-tattooed_908/index.html,Â£14.02,In stock,../media/cache/10/c6/10c61093002db1fec4089d8076678624.jpg,mama-tried-traditional-italian-cooking-for-the-screwed-crude-vegan-and-tattooed_908/index.html
93,"Lumberjanes, Vol. 2: Friendship to the Max (Lumberjanes #5-8)",Two,lumberjanes-vol-2-friendship-to-the-max-lumberjanes-5-8_907/index.html,Â£46.91,In stock,../media/cache/d3/15/d3158e8d3546fb90cced3c1d44a92a34.jpg,lumberjanes-vol-2-friendship-to-the-max-lumberjanes-5-8_907/index.html
94,"Lumberjanes, Vol. 1: Beware the Kitten Holy (Lumberjanes #1-4)",Three,lumberjanes-vol-1-beware-the-kitten-holy-lumberjanes-1-4_906/index.html,Â£45.61,In stock,../media/cache/7e/a0/7ea062007ef00107e3c16d336b41fab2.jpg,lumberjanes-vol-1-beware-the-kitten-holy-lumberjanes-1-4_906/index.html
95,Lumberjanes Vol. 3: A Terrible Plan (Lumberjanes #9-12),Two,lumberjanes-vol-3-a-terrible-plan-lumberjanes-9-12_905/index.html,Â£19.92,In stock,../media/cache/5f/b1/5fb1bf88dcfda795606745ce35be5975.jpg,lumberjanes-vol-3-a-terrible-plan-lumberjanes-9-12_905/index.html
96,"Layered: Baking, Building, and Styling Spectacular Cakes",One,layered-baking-building-and-styling-spectacular-cakes_904/index.html,Â£40.11,In stock,../media/cache/98/d1/98d1c979c4bac9e147a6718946578b0f.jpg,layered-baking-building-and-styling-spectacular-cakes_904/index.html
97,Judo: Seven Steps to Black Belt (an Introductory Guide for Beginners),Two,judo-seven-steps-to-black-belt-an-introductory-guide-for-beginners_903/index.html,Â£53.90,In stock,../media/cache/5f/52/5f52b1bc6d45daab2e330c744feb0359.jpg,judo-seven-steps-to-black-belt-an-introductory-guide-for-beginners_903/index.html
98,Join,Five,join_902/index.html,Â£35.67,In stock,../media/cache/93/63/9363f0065fbad5689f44fcf6e203eef3.jpg,join_902/index.html
99,In the Country We Love: My Family Divided,Four,in-the-country-we-love-my-family-divided_901/index.html,Â£22.00,In stock,../media/cache/fe/ea/feeafd2ad7b3077f8e74cbb1da9e3c7d.jpg,in-the-country-we-love-my-family-divided_901/index.html
100,Immunity: How Elie Metchnikoff Changed the Course of Modern Medicine,Five,immunity-how-elie-metchnikoff-changed-the-course-of-modern-medicine_900/index.html,Â£57.36,In stock,../media/cache/26/1c/261c4eaf957ae4aacf2229b482e76dbe.jpg,immunity-how-elie-metchnikoff-changed-the-course-of-modern-medicine_900/index.html
101,"I Hate Fairyland, Vol. 1: Madly Ever After (I Hate Fairyland (Compilations) #1-5)",Two,i-hate-fairyland-vol-1-madly-ever-after-i-hate-fairyland-compilations-1-5_899/index.html,Â£29.17,In stock,../media/cache/aa/74/aa74004807e97a79aa084b5db329a99b.jpg,i-hate-fairyland-vol-1-madly-ever-after-i-hate-fairyland-compilations-1-5_899/index.html
102,I am a Hero Omnibus Volume 1,Three,i-am-a-hero-omnibus-volume-1_898/index.html,Â£54.63,In stock,../media/cache/16/d4/16d443437126bf6d536a89312c1995a5.jpg,i-am-a-hero-omnibus-volume-1_898/index.html
103,How to Be Miserable: 40 Strategies You Already Use,One,how-to-be-miserable-40-strategies-you-already-use_897/index.html,Â£46.03,In stock,../media/cache/da/8b/da8bc9b824dd3f446ef63e438ddbfc85.jpg,how-to-be-miserable-40-strategies-you-already-use_897/index.html
104,Her Backup Boyfriend (The Sorensen Family #1),One,her-backup-boyfriend-the-sorensen-family-1_896/index.html,Â£33.97,In stock,../media/cache/1e/bb/1ebbbc3e2d3249b111033cfc40763b0b.jpg,her-backup-boyfriend-the-sorensen-family-1_896/index.html
105,"Giant Days, Vol. 2 (Giant Days #5-8)",Two,giant-days-vol-2-giant-days-5-8_895/index.html,Â£22.11,In stock,../media/cache/90/6f/906f0168b0e155a7077625499b1737b5.jpg,giant-days-vol-2-giant-days-5-8_895/index.html
106,Forever and Forever: The Courtship of Henry Longfellow and Fanny Appleton,Three,forever-and-forever-the-courtship-of-henry-longfellow-and-fanny-appleton_894/index.html,Â£29.69,In stock,../media/cache/d6/58/d658a1485b130ff26ca5fb0d5975ed2e.jpg,forever-and-forever-the-courtship-of-henry-longfellow-and-fanny-appleton_894/index.html
107,First and First (Five Boroughs #3),Four,first-and-first-five-boroughs-3_893/index.html,Â£15.97,In stock,../media/cache/c4/d1/c4d1517cc9370e292366b6132ca9ca36.jpg,first-and-first-five-boroughs-3_893/index.html
108,Fifty Shades Darker (Fifty Shades #2),One,fifty-shades-darker-fifty-shades-2_892/index.html,Â£21.96,In stock,../media/cache/cc/bd/ccbdae9e29b3594301528fa2c876ec29.jpg,fifty-shades-darker-fifty-shades-2_892/index.html
109,Everydata: The Misinformation Hidden in the Little Data You Consume Every Day,Two,everydata-the-misinformation-hidden-in-the-little-data-you-consume-every-day_891/index.html,Â£54.35,In stock,../media/cache/64/94/6494bf61176ca73b61255909230030be.jpg,everydata-the-misinformation-hidden-in-the-little-data-you-consume-every-day_891/index.html
110,"Don't Be a Jerk: And Other Practical Advice from Dogen, Japan's Greatest Zen Master",Two,dont-be-a-jerk-and-other-practical-advice-from-dogen-japans-greatest-zen-master_890/index.html,Â£37.97,In stock,../media/cache/95/30/953013d044aa313cc162dec414f3969a.jpg,dont-be-a-jerk-and-other-practical-advice-from-dogen-japans-greatest-zen-master_890/index.html
111,Danganronpa Volume 1,Four,danganronpa-volume-1_889/index.html,Â£51.99,In stock,../media/cache/78/97/7897eea91c4a85aca58d925861d4afec.jpg,danganronpa-volume-1_889/index.html
112,Crown of Midnight (Throne of Glass #2),Three,crown-of-midnight-throne-of-glass-2_888/index.html,Â£43.29,In stock,../media/cache/66/25/6625e3bbb050de3e42a0c302c0d69f1f.jpg,crown-of-midnight-throne-of-glass-2_888/index.html
113,"Codename Baboushka, Volume 1: The Conclave of Death",Four,codename-baboushka-volume-1-the-conclave-of-death_887/index.html,Â£36.72,In stock,../media/cache/f6/88/f688a9d6a89fdf38e4e88439ee9eda69.jpg,codename-baboushka-volume-1-the-conclave-of-death_887/index.html
114,Camp Midnight,Four,camp-midnight_886/index.html,Â£17.08,In stock,../media/cache/dd/c9/ddc95df6754df8e71bf969c088056188.jpg,camp-midnight_886/index.html
115,Call the Nurse: True Stories of a Country Nurse on a Scottish Isle,Five,call-the-nurse-true-stories-of-a-country-nurse-on-a-scottish-isle_885/index.html,Â£29.14,In stock,../media/cache/88/9e/889e0bac4c7c0e7178f0165b8d3b4617.jpg,call-the-nurse-true-stories-of-a-country-nurse-on-a-scottish-isle_885/index.html
116,Burning,Three,burning_884/index.html,Â£28.81,In stock,../media/cache/26/95/269507c7bb35d2cec9b61a03d1c28e67.jpg,burning_884/index.html
117,Bossypants,Two,bossypants_883/index.html,Â£49.46,In stock,../media/cache/27/d2/27d20361745ec2f7be668b18a4da29da.jpg,bossypants_883/index.html
118,"Bitch Planet, Vol. 1: Extraordinary Machine (Bitch Planet (Collected Editions))",Two,bitch-planet-vol-1-extraordinary-machine-bitch-planet-collected-editions_882/index.html,Â£37.92,In stock,../media/cache/e4/1d/e41d34204a1fffbf825d8beb3dbf4cbc.jpg,bitch-planet-vol-1-extraordinary-machine-bitch-planet-collected-editions_882/index.html
119,"Avatar: The Last Airbender: Smoke and Shadow, Part 3 (Smoke and Shadow #3)",Two,avatar-the-last-airbender-smoke-and-shadow-part-3-smoke-and-shadow-3_881/index.html,Â£28.09,In stock,../media/cache/06/18/061811c5845d0e13bc04b2a755f0830f.jpg,avatar-the-last-airbender-smoke-and-shadow-part-3-smoke-and-shadow-3_881/index.html
120,Algorithms to Live By: The Computer Science of Human Decisions,One,algorithms-to-live-by-the-computer-science-of-human-decisions_880/index.html,Â£30.81,In stock,../media/cache/23/b4/23b42e094c02d52b14b11a960d49610e.jpg,algorithms-to-live-by-the-computer-science-of-human-decisions_880/index.html
121,A World of Flavor: Your Gluten Free Passport,One,a-world-of-flavor-your-gluten-free-passport_879/index.html,Â£42.95,In stock,../media/cache/78/2e/782e315667ec50759b8603527ee33dec.jpg,a-world-of-flavor-your-gluten-free-passport_879/index.html
122,"A Piece of Sky, a Grain of Rice: A Memoir in Four Meditations",Five,a-piece-of-sky-a-grain-of-rice-a-memoir-in-four-meditations_878/index.html,Â£56.76,In stock,../media/cache/08/89/088995e862aac86c88c608d763f6390e.jpg,a-piece-of-sky-a-grain-of-rice-a-memoir-in-four-meditations_878/index.html
123,A Murder in Time,One,a-murder-in-time_877/index.html,Â£16.64,In stock,../media/cache/11/aa/11aaad48b5f15e262456ca65294084da.jpg,a-murder-in-time_877/index.html
124,A Flight of Arrows (The Pathfinders #2),Five,a-flight-of-arrows-the-pathfinders-2_876/index.html,Â£55.53,In stock,../media/cache/82/96/8296f92b70fb1dafefecda92c1d51941.jpg,a-flight-of-arrows-the-pathfinders-2_876/index.html
125,A Fierce and Subtle Poison,Four,a-fierce-and-subtle-poison_875/index.html,Â£28.13,In stock,../media/cache/12/f1/12f1963957f27fa83d51f76b183ef490.jpg,a-fierce-and-subtle-poison_875/index.html
126,A Court of Thorns and Roses (A Court of Thorns and Roses #1),One,a-court-of-thorns-and-roses-a-court-of-thorns-and-roses-1_874/index.html,Â£52.37,In stock,../media/cache/c0/88/c08816960890396213a423941af65b8f.jpg,a-court-of-thorns-and-roses-a-court-of-thorns-and-roses-1_874/index.html
127,(Un)Qualified: How God Uses Broken People to Do Big Things,Five,unqualified-how-god-uses-broken-people-to-do-big-things_873/index.html,Â£54.00,In stock,../media/cache/cd/db/cddb3eb483ef11a088d519205b7098fb.jpg,unqualified-how-god-uses-broken-people-to-do-big-things_873/index.html
128,You Are What You Love: The Spiritual Power of Habit,Four,you-are-what-you-love-the-spiritual-power-of-habit_872/index.html,Â£21.87,In stock,../media/cache/6b/70/6b70f2cdb17d9ab7551240a88b9211fe.jpg,you-are-what-you-love-the-spiritual-power-of-habit_872/index.html
129,"William Shakespeare's Star Wars: Verily, A New Hope (William Shakespeare's Star Wars #4)",Four,william-shakespeares-star-wars-verily-a-new-hope-william-shakespeares-star-wars-4_871/index.html,Â£43.30,In stock,../media/cache/02/37/0237b445efc18c5562355a5a2c40889c.jpg,william-shakespeares-star-wars-verily-a-new-hope-william-shakespeares-star-wars-4_871/index.html
130,Tuesday Nights in 1980,Two,tuesday-nights-in-1980_870/index.html,Â£21.04,In stock,../media/cache/6b/da/6bdae061cb92c32b0b83cda8dd10275d.jpg,tuesday-nights-in-1980_870/index.html
131,Tracing Numbers on a Train,Three,tracing-numbers-on-a-train_869/index.html,Â£41.60,In stock,../media/cache/06/a6/06a6cfcf89afd1601cbba1a16cda57fb.jpg,tracing-numbers-on-a-train_869/index.html
132,Throne of Glass (Throne of Glass #1),Three,throne-of-glass-throne-of-glass-1_868/index.html,Â£35.07,In stock,../media/cache/32/d6/32d6aa560e8ddf2a4da1526b95d4c7ab.jpg,throne-of-glass-throne-of-glass-1_868/index.html
133,Thomas Jefferson and the Tripoli Pirates: The Forgotten War That Changed American History,One,thomas-jefferson-and-the-tripoli-pirates-the-forgotten-war-that-changed-american-history_867/index.html,Â£59.64,In stock,../media/cache/97/47/974709d437b08e74649b5744471bf472.jpg,thomas-jefferson-and-the-tripoli-pirates-the-forgotten-war-that-changed-american-history_867/index.html
134,Thirteen Reasons Why,One,thirteen-reasons-why_866/index.html,Â£52.72,In stock,../media/cache/8a/83/8a83b6ce350f01bab21f85e6ba539316.jpg,thirteen-reasons-why_866/index.html
135,The White Cat and the Monk: A Retelling of the Poem âPangur BÃ¡nâ,Four,the-white-cat-and-the-monk-a-retelling-of-the-poem-pangur-ban_865/index.html,Â£58.08,In stock,../media/cache/26/32/2632a1e12f2c085fabbe022ae4cd6933.jpg,the-white-cat-and-the-monk-a-retelling-of-the-poem-pangur-ban_865/index.html
136,The Wedding Dress,One,the-wedding-dress_864/index.html,Â£24.12,In stock,../media/cache/28/99/28992d89f4abf54fba183fc8d074adf3.jpg,the-wedding-dress_864/index.html
137,The Vacationers,Four,the-vacationers_863/index.html,Â£42.15,In stock,../media/cache/37/25/372578cc073efae80cf284b56040a488.jpg,the-vacationers_863/index.html
138,The Third Wave: An Entrepreneurâs Vision of the Future,Five,the-third-wave-an-entrepreneurs-vision-of-the-future_862/index.html,Â£12.61,In stock,../media/cache/d0/77/d077a30042df6b916bfc8d257345c69e.jpg,the-third-wave-an-entrepreneurs-vision-of-the-future_862/index.html
139,The Stranger,Four,the-stranger_861/index.html,Â£17.44,In stock,../media/cache/ea/04/ea0476a6f4c318ceccf5e2f2b39f2b15.jpg,the-stranger_861/index.html
140,The Shadow Hero (The Shadow Hero),One,the-shadow-hero-the-shadow-hero_860/index.html,Â£33.14,In stock,../media/cache/1f/62/1f621dda1b302fc16d83d94b0b5ac31c.jpg,the-shadow-hero-the-shadow-hero_860/index.html
141,The Secret (The Secret #1),Four,the-secret-the-secret-1_859/index.html,Â£27.37,In stock,../media/cache/4e/0f/4e0f05ae01d8fb6bd0d3901edd06de16.jpg,the-secret-the-secret-1_859/index.html
142,The Regional Office Is Under Attack!,Five,the-regional-office-is-under-attack_858/index.html,Â£51.36,In stock,../media/cache/f8/31/f8314c7fdaa79fb7191a583e9a852db8.jpg,the-regional-office-is-under-attack_858/index.html
143,The Psychopath Test: A Journey Through the Madness Industry,Two,the-psychopath-test-a-journey-through-the-madness-industry_857/index.html,Â£36.00,In stock,../media/cache/34/f5/34f5f8e513c5f048241f5695e61b2483.jpg,the-psychopath-test-a-journey-through-the-madness-industry_857/index.html
144,The Project,One,the-project_856/index.html,Â£10.65,In stock,../media/cache/10/6e/106e2fc7160712edf8e2ff996dc8cd6c.jpg,the-project_856/index.html
145,The Power of Now: A Guide to Spiritual Enlightenment,Two,the-power-of-now-a-guide-to-spiritual-enlightenment_855/index.html,Â£43.54,In stock,../media/cache/03/38/0338682e76bad3216cd4c6c28b2b625a.jpg,the-power-of-now-a-guide-to-spiritual-enlightenment_855/index.html
146,The Omnivore's Dilemma: A Natural History of Four Meals,Two,the-omnivores-dilemma-a-natural-history-of-four-meals_854/index.html,Â£38.21,In stock,../media/cache/14/f3/14f3d525e2a114cd71e27201a16af188.jpg,the-omnivores-dilemma-a-natural-history-of-four-meals_854/index.html
147,The Nerdy Nummies Cookbook: Sweet Treats for the Geek in All of Us,Five,the-nerdy-nummies-cookbook-sweet-treats-for-the-geek-in-all-of-us_853/index.html,Â£37.34,In stock,../media/cache/61/bd/61bdfe3950643c47d70c37c4123530f3.jpg,the-nerdy-nummies-cookbook-sweet-treats-for-the-geek-in-all-of-us_853/index.html
148,The Murder of Roger Ackroyd (Hercule Poirot #4),Four,the-murder-of-roger-ackroyd-hercule-poirot-4_852/index.html,Â£44.10,In stock,../media/cache/29/fe/29fe70b1b2e5a9ba61d4bd331255e19e.jpg,the-murder-of-roger-ackroyd-hercule-poirot-4_852/index.html
149,The Mistake (Off-Campus #2),Three,the-mistake-off-campus-2_851/index.html,Â£43.29,In stock,../media/cache/a5/43/a543b100a8c1861c1bf5374ca6b576fe.jpg,the-mistake-off-campus-2_851/index.html
150,The Matchmaker's Playbook (Wingmen Inc. #1),One,the-matchmakers-playbook-wingmen-inc-1_850/index.html,Â£55.85,In stock,../media/cache/84/ac/84acb0606c96e55dc729a9d6572a08fb.jpg,the-matchmakers-playbook-wingmen-inc-1_850/index.html
151,The Love and Lemons Cookbook: An Apple-to-Zucchini Celebration of Impromptu Cooking,Two,the-love-and-lemons-cookbook-an-apple-to-zucchini-celebration-of-impromptu-cooking_849/index.html,Â£37.60,In stock,../media/cache/0d/1f/0d1f3f934460f5a50aaa8c366641234c.jpg,the-love-and-lemons-cookbook-an-apple-to-zucchini-celebration-of-impromptu-cooking_849/index.html
152,The Long Shadow of Small Ghosts: Murder and Memory in an American City,One,the-long-shadow-of-small-ghosts-murder-and-memory-in-an-american-city_848/index.html,Â£10.97,In stock,../media/cache/f2/e5/f2e51dd2b26600459f8eaeb6b9eecaa7.jpg,the-long-shadow-of-small-ghosts-murder-and-memory-in-an-american-city_848/index.html
153,The Kite Runner,Four,the-kite-runner_847/index.html,Â£41.82,In stock,../media/cache/58/9d/589d73503d9a23d224de836134fae553.jpg,the-kite-runner_847/index.html
154,The House by the Lake,One,the-house-by-the-lake_846/index.html,Â£36.95,In stock,../media/cache/0d/cb/0dcb33d60b0e79adf8ab9842e697ea2e.jpg,the-house-by-the-lake_846/index.html
155,The Glittering Court (The Glittering Court #1),One,the-glittering-court-the-glittering-court-1_845/index.html,Â£44.28,In stock,../media/cache/3e/0b/3e0b16851bec08b6cbf78d5f64af9114.jpg,the-glittering-court-the-glittering-court-1_845/index.html
156,The Girl on the Train,Two,the-girl-on-the-train_844/index.html,Â£55.02,In stock,../media/cache/25/6c/256c946dd0962095f66c6de3b15ab300.jpg,the-girl-on-the-train_844/index.html
157,The Genius of Birds,One,the-genius-of-birds_843/index.html,Â£17.24,In stock,../media/cache/13/57/1357c6aa40c9e63d2f931927fbf81f3f.jpg,the-genius-of-birds_843/index.html
158,The Emerald Mystery,Two,the-emerald-mystery_842/index.html,Â£23.15,In stock,../media/cache/81/58/81586cd0bf8743e1f5ed80b6a0e1fabe.jpg,the-emerald-mystery_842/index.html
159,The Cookies & Cups Cookbook: 125+ sweet & savory recipes reminding you to Always Eat Dessert First,One,the-cookies-cups-cookbook-125-sweet-savory-recipes-reminding-you-to-always-eat-dessert-first_841/index.html,Â£41.25,In stock,../media/cache/54/89/54899b4584e941ceced511d81092c88a.jpg,the-cookies-cups-cookbook-125-sweet-savory-recipes-reminding-you-to-always-eat-dessert-first_841/index.html
160,The Bridge to Consciousness: I'm Writing the Bridge Between Science and Our Old and New Beliefs.,Three,the-bridge-to-consciousness-im-writing-the-bridge-between-science-and-our-old-and-new-beliefs_840/index.html,Â£32.00,In stock,../media/cache/fe/b7/feb764b2afa54991cfdbbffdf501b333.jpg,the-bridge-to-consciousness-im-writing-the-bridge-between-science-and-our-old-and-new-beliefs_840/index.html
161,The Artist's Way: A Spiritual Path to Higher Creativity,Five,the-artists-way-a-spiritual-path-to-higher-creativity_839/index.html,Â£38.49,In stock,../media/cache/0e/6d/0e6dc2484322c5b9e7854ced66fdf62d.jpg,the-artists-way-a-spiritual-path-to-higher-creativity_839/index.html
162,The Art of War,Five,the-art-of-war_838/index.html,Â£33.34,In stock,../media/cache/6d/71/6d71e36c8b1b9c885e1bb6c72cd8bcf8.jpg,the-art-of-war_838/index.html
163,The Argonauts,Two,the-argonauts_837/index.html,Â£10.93,In stock,../media/cache/0a/15/0a1567cd04a6582d333db71337b4e2a6.jpg,the-argonauts_837/index.html
164,The 10% Entrepreneur: Live Your Startup Dream Without Quitting Your Day Job,Three,the-10-entrepreneur-live-your-startup-dream-without-quitting-your-day-job_836/index.html,Â£27.55,In stock,../media/cache/82/93/82939ca78da0b724f16ec814849514fd.jpg,the-10-entrepreneur-live-your-startup-dream-without-quitting-your-day-job_836/index.html
165,Suddenly in Love (Lake Haven #1),Two,suddenly-in-love-lake-haven-1_835/index.html,Â£55.99,In stock,../media/cache/e9/f4/e9f4bc8cf5ffaea1504623c936e90a48.jpg,suddenly-in-love-lake-haven-1_835/index.html
166,Something More Than This,Four,something-more-than-this_834/index.html,Â£16.24,In stock,../media/cache/59/10/5910fbd8a95e8e9de9c660b71e0694e2.jpg,something-more-than-this_834/index.html
167,Soft Apocalypse,Two,soft-apocalypse_833/index.html,Â£26.12,In stock,../media/cache/f0/06/f0060c756556b855184fa32f66280961.jpg,soft-apocalypse_833/index.html
168,So You've Been Publicly Shamed,Two,so-youve-been-publicly-shamed_832/index.html,Â£12.23,In stock,../media/cache/6e/d4/6ed4991d97f60db29ec7b421e61a2cf3.jpg,so-youve-been-publicly-shamed_832/index.html
169,Shoe Dog: A Memoir by the Creator of NIKE,Two,shoe-dog-a-memoir-by-the-creator-of-nike_831/index.html,Â£23.99,In stock,../media/cache/19/aa/19aa1184a3565b1dae6092146018e109.jpg,shoe-dog-a-memoir-by-the-creator-of-nike_831/index.html
170,"Shobu Samurai, Project Aryoku (#3)",Three,shobu-samurai-project-aryoku-3_830/index.html,Â£29.06,In stock,../media/cache/ae/0c/ae0ccc307568b6d7699786411f3cbcc4.jpg,shobu-samurai-project-aryoku-3_830/index.html
171,Secrets and Lace (Fatal Hearts #1),One,secrets-and-lace-fatal-hearts-1_829/index.html,Â£20.27,In stock,../media/cache/84/7c/847c06b541e2a3b2228b96d97a5fe7a6.jpg,secrets-and-lace-fatal-hearts-1_829/index.html
172,Scarlett Epstein Hates It Here,Five,scarlett-epstein-hates-it-here_828/index.html,Â£43.55,In stock,../media/cache/0f/d3/0fd306891f8fd3196653022fd67d6c87.jpg,scarlett-epstein-hates-it-here_828/index.html
173,Romero and Juliet: A Tragic Tale of Love and Zombies,One,romero-and-juliet-a-tragic-tale-of-love-and-zombies_827/index.html,Â£36.94,In stock,../media/cache/12/f8/12f8002e5aab6d783e29b31aad36b5ba.jpg,romero-and-juliet-a-tragic-tale-of-love-and-zombies_827/index.html
174,Redeeming Love,Five,redeeming-love_826/index.html,Â£20.47,In stock,../media/cache/21/21/2121ba78e26194d92c334fde3850f840.jpg,redeeming-love_826/index.html
175,Poses for Artists Volume 1 - Dynamic and Sitting Poses: An Essential Reference for Figure Drawing and the Human Form,One,poses-for-artists-volume-1-dynamic-and-sitting-poses-an-essential-reference-for-figure-drawing-and-the-human-form_825/index.html,Â£41.06,In stock,../media/cache/5a/89/5a89e2dd7866dda6660fe508bc4b5249.jpg,poses-for-artists-volume-1-dynamic-and-sitting-poses-an-essential-reference-for-figure-drawing-and-the-human-form_825/index.html
176,Poems That Make Grown Women Cry,Four,poems-that-make-grown-women-cry_824/index.html,Â£14.19,In stock,../media/cache/38/64/386468a8c3e6b880664bf7885bf6f726.jpg,poems-that-make-grown-women-cry_824/index.html
177,"Nightingale, Sing",One,nightingale-sing_823/index.html,Â£38.28,In stock,../media/cache/18/08/18086e581ad354aa65f945c2b5c51350.jpg,nightingale-sing_823/index.html
178,Night Sky with Exit Wounds,One,night-sky-with-exit-wounds_822/index.html,Â£41.05,In stock,../media/cache/25/54/2554431c797ec725eea50b3f8a83758c.jpg,night-sky-with-exit-wounds_822/index.html
179,Mrs. Houdini,Five,mrs-houdini_821/index.html,Â£30.25,In stock,../media/cache/0e/fe/0efe86960cdff718aed01a5c3f65b1c3.jpg,mrs-houdini_821/index.html
180,Modern Romance,Five,modern-romance_820/index.html,Â£28.26,In stock,../media/cache/28/78/2878538a1039d9c4649110499a1393fb.jpg,modern-romance_820/index.html
181,Miss Peregrineâs Home for Peculiar Children (Miss Peregrineâs Peculiar Children #1),One,miss-peregrines-home-for-peculiar-children-miss-peregrines-peculiar-children-1_819/index.html,Â£10.76,In stock,../media/cache/01/26/01264865c12ed6d987d6f0858cd1d0ba.jpg,miss-peregrines-home-for-peculiar-children-miss-peregrines-peculiar-children-1_819/index.html
182,Louisa: The Extraordinary Life of Mrs. Adams,Two,louisa-the-extraordinary-life-of-mrs-adams_818/index.html,Â£16.85,In stock,../media/cache/6f/d9/6fd92e5143cbd5bb8bcf034e5f007dde.jpg,louisa-the-extraordinary-life-of-mrs-adams_818/index.html
183,Little Red,Three,little-red_817/index.html,Â£13.47,In stock,../media/cache/80/25/8025b80a40178f2a6dd4f99ad88e0fba.jpg,little-red_817/index.html
184,Library of Souls (Miss Peregrineâs Peculiar Children #3),Five,library-of-souls-miss-peregrines-peculiar-children-3_816/index.html,Â£48.56,In stock,../media/cache/f8/54/f85417465a73e33604624205ba8306cc.jpg,library-of-souls-miss-peregrines-peculiar-children-3_816/index.html
185,Large Print Heart of the Pride,Two,large-print-heart-of-the-pride_815/index.html,Â£19.15,In stock,../media/cache/bd/e9/bde95ab9f776c911a7aa759cad60bb41.jpg,large-print-heart-of-the-pride_815/index.html
186,I Had a Nice Time And Other Lies...: How to find love & sh*t like that,Four,i-had-a-nice-time-and-other-lies-how-to-find-love-sht-like-that_814/index.html,Â£57.36,In stock,../media/cache/5f/72/5f72c8a0d5a7292e2929a354ec8a022f.jpg,i-had-a-nice-time-and-other-lies-how-to-find-love-sht-like-that_814/index.html
187,Hollow City (Miss Peregrineâs Peculiar Children #2),One,hollow-city-miss-peregrines-peculiar-children-2_813/index.html,Â£42.98,In stock,../media/cache/e2/60/e260b008b7ea7970562295b7bc64b0cb.jpg,hollow-city-miss-peregrines-peculiar-children-2_813/index.html
188,Grumbles,Two,grumbles_812/index.html,Â£22.16,In stock,../media/cache/d6/1b/d61b12ef0e69d49e2645537dd6a8472a.jpg,grumbles_812/index.html
189,Full Moon over Noahâs Ark: An Odyssey to Mount Ararat and Beyond,Four,full-moon-over-noahs-ark-an-odyssey-to-mount-ararat-and-beyond_811/index.html,Â£49.43,In stock,../media/cache/57/77/57770cac1628f4407636635f4b85e88c.jpg,full-moon-over-noahs-ark-an-odyssey-to-mount-ararat-and-beyond_811/index.html
190,Frostbite (Vampire Academy #2),Five,frostbite-vampire-academy-2_810/index.html,Â£29.99,In stock,../media/cache/71/76/7176317f1915fa0658bb2fe400441207.jpg,frostbite-vampire-academy-2_810/index.html
191,Follow You Home,One,follow-you-home_809/index.html,Â£21.36,In stock,../media/cache/a7/4b/a74b35375ce874153fd352e33bc7bac9.jpg,follow-you-home_809/index.html
192,First Steps for New Christians (Print Edition),One,first-steps-for-new-christians-print-edition_808/index.html,Â£29.00,In stock,../media/cache/f1/73/f1731459b1e2f4becf2c52b8f30b8cd7.jpg,first-steps-for-new-christians-print-edition_808/index.html
193,Finders Keepers (Bill Hodges Trilogy #2),Five,finders-keepers-bill-hodges-trilogy-2_807/index.html,Â£53.53,In stock,../media/cache/6a/81/6a81103b1c01a3f6c56e5718a838a4c8.jpg,finders-keepers-bill-hodges-trilogy-2_807/index.html
194,"Fables, Vol. 1: Legends in Exile (Fables #1)",Four,fables-vol-1-legends-in-exile-fables-1_806/index.html,Â£41.62,In stock,../media/cache/51/8c/518c184a793b751b43045637c8002eb7.jpg,fables-vol-1-legends-in-exile-fables-1_806/index.html
195,Eureka Trivia 6.0,Four,eureka-trivia-60_805/index.html,Â£54.59,In stock,../media/cache/96/17/96173470df6fc6fef4d0008e957653ce.jpg,eureka-trivia-60_805/index.html
196,Drive: The Surprising Truth About What Motivates Us,Four,drive-the-surprising-truth-about-what-motivates-us_804/index.html,Â£34.95,In stock,../media/cache/8a/49/8a490347afdc10abe7c2099e466de32f.jpg,drive-the-surprising-truth-about-what-motivates-us_804/index.html
197,Done Rubbed Out (Reightman & Bailey #1),Five,done-rubbed-out-reightman-bailey-1_803/index.html,Â£37.72,In stock,../media/cache/08/4d/084da0199a717cb6c1eda30f98d0ea4c.jpg,done-rubbed-out-reightman-bailey-1_803/index.html
198,Doing It Over (Most Likely To #1),Three,doing-it-over-most-likely-to-1_802/index.html,Â£35.61,In stock,../media/cache/e9/25/e9250495a525eb203652ad9da85ccb8e.jpg,doing-it-over-most-likely-to-1_802/index.html
199,"Deliciously Ella Every Day: Quick and Easy Recipes for Gluten-Free Snacks, Packed Lunches, and Simple Meals",Three,deliciously-ella-every-day-quick-and-easy-recipes-for-gluten-free-snacks-packed-lunches-and-simple-meals_801/index.html,Â£42.16,In stock,../media/cache/20/f2/20f28657b49f8cb24ed2ec6448bb6df3.jpg,deliciously-ella-every-day-quick-and-easy-recipes-for-gluten-free-snacks-packed-lunches-and-simple-meals_801/index.html
